threshold,adx4_min,adx1d_min,sl_atr_mul,tp1_atr_mul,tp2_atr_mul,trail_mul,risk_perc,net90,pf90,wr90,mdd90,score90,trades90,net180,pf180,wr180,mdd180,score180,trades180,status
0.52,6.0,3.0,1.4,1.6,5.0,1.0,0.005,237.6045072531069,2.5551175229385152,42.857142857142854,74.1316085000035,3.162510586381175,42,791.8881135952983,2.308773064998393,40.0,92.1944423868772,8.497160273870632,160,OK
0.52,6.0,3.0,1.4,1.6,6.0,1.0,0.005,237.6045072531069,2.5551175229385152,42.857142857142854,74.1316085000035,3.162510586381175,42,791.8881135952983,2.308773064998393,40.0,92.1944423868772,8.497160273870632,160,OK
0.52,6.0,3.0,1.4,1.6,7.0,1.0,0.005,237.6045072531069,2.5551175229385152,42.857142857142854,74.1316085000035,3.162510586381175,42,791.8881135952983,2.308773064998393,40.0,92.1944423868772,8.497160273870632,160,OK
0.52,6.0,3.0,1.4,1.6,5.0,1.0,0.0075,357.6574421842756,2.556195313981605,42.857142857142854,111.33236112574377,3.183921699855639,42,1207.6797946094207,2.306085837394923,40.0,141.84264932469887,8.454616323057802,160,OK
0.52,6.0,3.0,1.4,1.6,6.0,1.0,0.0075,357.6574421842756,2.556195313981605,42.857142857142854,111.33236112574377,3.183921699855639,42,1207.6797946094207,2.306085837394923,40.0,141.84264932469887,8.454616323057802,160,OK
0.52,6.0,3.0,1.4,1.6,7.0,1.0,0.0075,357.6574421842756,2.556195313981605,42.857142857142854,111.33236112574377,3.183921699855639,42,1207.6797946094207,2.306085837394923,40.0,141.84264932469887,8.454616323057802,160,OK
