{
  "wL": 0.45,
  "wS": 0.55,
  "meta": {
    "timestamp_utc": "2025-08-11T18:39:56.939377+00:00",
    "cap_mode": "min_leg*1.05",
    "net_tol": 0.2,
    "baseline": {
      "wL": 0.6,
      "wS": 0.4,
      "net": 1240.3312178011313,
      "pf": 2.7980452215373397,
      "wr": 37.170263788968825,
      "trades": 417,
      "mdd": 61.67576085246583,
      "score": 20.110513443814803
    }
  }
}